,PlayerName,Month1Carpet,CumInjured,CumInjuredTimes,CumInjuredGames,Country_Argentina,Country_Australia,Country_Austria,Country_Belarus,Country_Brazil,Country_Colombia,Country_Egypt,Country_Estonia,Country_Israel,Country_Kazakhstan,Country_Latvia,Country_Romania,Country_Russia,Country_Serbia,Country_South Korea,Country_Sweden,Country_Switzerland,Country_Thailand,Country_Venezuela,Month1InjuredType_Severe,CumInjuredType_Moderate
39,Ashleigh Barty,0,1,5,12827.0,0,1,0,0,0,0,0,0,0,0,0,0,0,0,0,0,0,0,0,0,0
80,Karolina Pliskova,0,0,0,20565.0,0,0,0,0,0,0,0,0,0,0,0,0,0,0,0,0,0,0,0,0,0
113,Naomi Osaka,0,1,9,8266.0,0,0,0,0,0,0,0,0,0,0,0,0,0,0,0,0,0,0,0,0,1
154,Simona Halep,0,1,17,14773.0,0,0,0,0,0,0,0,0,0,0,0,1,0,0,0,0,0,0,0,0,0
195,Elina Svitolina,0,1,4,14674.0,0,0,0,0,0,0,0,0,0,0,0,0,0,0,0,0,0,0,0,0,0
215,Bianca Vanessa Andreescu,0,1,10,5166.0,0,0,0,0,0,0,0,0,0,0,0,0,0,0,0,0,0,0,0,0,0
251,Belinda Bencic,0,1,13,12101.0,0,0,0,0,0,0,0,0,0,0,0,0,0,0,0,0,1,0,0,0,0
292,Petra Kvitova,0,1,6,13882.0,0,0,0,0,0,0,0,0,0,0,0,0,0,0,0,0,0,0,0,0,0
333,Serena Williams,0,1,16,10372.0,0,0,0,0,0,0,0,0,0,0,0,0,0,0,0,0,0,0,0,0,1
374,Kiki Bertens,0,1,20,18486.0,0,0,0,0,0,0,0,0,0,0,0,0,0,0,0,0,0,0,0,0,0
415,Madison Keys,0,1,13,10448.0,0,0,0,0,0,0,0,0,0,0,0,0,0,0,0,0,0,0,0,0,0
444,Aryna Sabalenka,0,0,0,9542.0,0,0,0,1,0,0,0,0,0,0,0,0,0,0,0,0,0,0,0,0,0
485,Johanna Konta,0,1,21,14839.0,0,0,0,0,0,0,0,0,0,0,0,0,0,0,0,0,0,0,0,0,0
526,Petra Martic,0,1,12,14434.0,0,0,0,0,0,0,0,0,0,0,0,0,0,0,0,0,0,0,0,0,0
554,Sofia Kenin,0,1,2,8842.0,0,0,0,0,0,0,0,0,0,0,0,0,0,0,0,0,0,0,0,0,1
578,Marketa Vondrousova,0,1,1,5462.0,0,0,0,0,0,0,0,0,0,0,0,0,0,0,0,0,0,0,0,0,0
618,Elise Mertens,0,1,2,16308.0,0,0,0,0,0,0,0,0,0,0,0,0,0,0,0,0,0,0,0,0,0
659,Angelique Kerber,0,1,11,15706.0,0,0,0,0,0,0,0,0,0,0,0,0,0,0,0,0,0,0,0,0,0
700,Alison Riske,0,0,0,15426.0,0,0,0,0,0,0,0,0,0,0,0,0,0,0,0,0,0,0,0,0,0
740,Donna Vekic,0,1,3,10961.0,0,0,0,0,0,0,0,0,0,0,0,0,0,0,0,0,0,0,0,0,1
769,Karolina Muchova,0,1,9,8202.0,0,0,0,0,0,0,0,0,0,0,0,0,0,0,0,0,0,0,0,0,0
785,Amanda Anisimova,0,1,3,2578.0,0,0,0,0,0,0,0,0,0,0,0,0,0,0,0,0,0,0,0,0,0
825,Maria Sakkari,0,1,7,12990.0,0,0,0,0,0,0,0,0,0,0,0,0,0,0,0,0,0,0,0,0,0
845,Dayana Yastremska,0,1,2,5433.0,0,0,0,0,0,0,0,0,0,0,0,0,0,0,0,0,0,0,0,0,0
886,Sloane A. Stephens,0,1,2,11457.0,0,0,0,0,0,0,0,0,0,0,0,0,0,0,0,0,0,0,0,0,0
922,Ekaterina Alexandrova,0,1,2,11845.0,0,0,0,0,0,0,0,0,0,0,0,0,1,0,0,0,0,0,0,0,0
962,Danielle Rose Collins,0,1,6,5492.0,0,0,0,0,0,0,0,0,0,0,0,0,0,0,0,0,0,0,0,0,0
1003,Qiang Wang,0,1,8,12498.0,0,0,0,0,0,0,0,0,0,0,0,0,0,0,0,0,0,0,0,0,0
1043,Anett Kontaveit,0,1,7,11330.0,0,0,0,0,0,0,0,1,0,0,0,0,0,0,0,0,0,0,0,0,0
1064,Elena Rybakina,0,1,2,5600.0,0,0,0,0,0,0,0,0,0,1,0,0,0,0,0,0,0,0,0,0,0
1105,Anastasia Pavlyuchenkova,0,1,8,18348.0,0,0,0,0,0,0,0,0,0,0,0,0,1,0,0,0,0,0,0,0,0
1146,Anastasija Sevastova,0,1,10,12990.0,0,0,0,0,0,0,0,0,0,0,1,0,0,0,0,0,0,0,0,0,1
1187,Barbora Strycova,0,1,3,23358.0,0,0,0,0,0,0,0,0,0,0,0,0,0,0,0,0,0,0,0,0,0
1228,Caroline Wozniacki,0,1,16,14294.0,0,0,0,0,0,0,0,0,0,0,0,0,0,0,0,0,0,0,0,0,1
1269,Su-Wei Hsieh,0,1,4,20619.0,0,0,0,0,0,0,0,0,0,0,0,0,0,0,0,0,0,0,0,0,1
1310,Yulia Putintseva,0,1,8,11427.0,0,0,0,0,0,0,0,0,0,1,0,0,0,0,0,0,0,0,0,0,0
1351,Julia Goerges,0,1,16,21069.0,0,0,0,0,0,0,0,0,0,0,0,0,0,0,0,0,0,0,0,0,1
1392,Kristina Mladenovic,0,1,7,23542.0,0,0,0,0,0,0,0,0,0,0,0,0,0,0,0,0,0,0,0,0,1
1433,Shuai Zhang,0,1,13,18230.0,0,0,0,0,0,0,0,0,0,0,0,0,0,0,0,0,0,0,0,0,0
1473,Saisai Zheng,0,1,9,17041.0,0,0,0,0,0,0,0,0,0,0,0,0,0,0,0,0,0,0,0,0,1
1509,Veronika Kudermetova,0,1,5,14108.0,0,0,0,0,0,0,0,0,0,0,0,0,1,0,0,0,0,0,0,0,1
1550,Magda Linette,0,1,6,17457.0,0,0,0,0,0,0,0,0,0,0,0,0,0,0,0,0,0,0,0,0,0
1590,Rebecca Peterson,0,1,6,11942.0,0,0,0,0,0,0,0,0,0,0,0,0,0,0,0,1,0,0,0,0,0
1623,Jelena Ostapenko,0,1,8,13312.0,0,0,0,0,0,0,0,0,0,0,1,0,0,0,0,0,0,0,0,0,0
1664,Caroline Garcia,0,1,1,17365.0,0,0,0,0,0,0,0,0,0,0,0,0,0,0,0,0,0,0,0,0,1
1704,Alison Van Uytvanck,0,1,14,12961.0,0,0,0,0,0,0,0,0,0,0,0,0,0,0,0,0,0,0,0,0,0
1745,Polona Hercog,0,1,12,13056.0,0,0,0,0,0,0,0,0,0,0,0,0,0,0,0,0,0,0,0,0,1
1785,Jennifer Brady,0,1,2,10233.0,0,0,0,0,0,0,0,0,0,0,0,0,0,0,0,0,0,0,0,0,0
1826,Viktoria Azarenka,0,1,28,11724.0,0,0,0,1,0,0,0,0,0,0,0,0,0,0,0,0,0,0,0,0,0
1867,Yafan Wang,0,1,3,14320.0,0,0,0,0,0,0,0,0,0,0,0,0,0,0,0,0,0,0,0,0,0
1908,Ajla Tomljanovic,0,1,12,12852.0,0,1,0,0,0,0,0,0,0,0,0,0,0,0,0,0,0,0,0,0,1
1949,Svetlana Kuznetsova,0,1,7,12676.0,0,0,0,0,0,0,0,0,0,0,0,0,1,0,0,0,0,0,0,0,0
1990,Carla Suarez-Navarro,0,1,11,14966.0,0,0,0,0,0,0,0,0,0,0,0,0,0,0,0,0,0,0,0,0,0
2031,Venus Williams,0,1,6,10161.0,0,0,0,0,0,0,0,0,0,0,0,0,0,0,0,0,0,0,0,0,1
2047,Iga Swiatek,0,1,2,2862.0,0,0,0,0,0,0,0,0,0,0,0,0,0,0,0,0,0,0,0,0,1
2079,Katerina Siniakova,0,1,3,15574.0,0,0,0,0,0,0,0,0,0,0,0,0,0,0,0,0,0,0,0,0,0
2100,Anna Blinkova,0,1,1,8632.0,0,0,0,0,0,0,0,0,0,0,0,0,1,0,0,0,0,0,0,0,1
2128,Marie Bouzkova,0,1,17,7709.0,0,0,0,0,0,0,0,0,0,0,0,0,0,0,0,0,0,0,0,0,0
2169,Alize Cornet,0,1,5,17117.0,0,0,0,0,0,0,0,0,0,0,0,0,0,0,0,0,0,0,0,0,0
2197,Viktoria Kuzmova,0,1,1,10342.0,0,0,0,0,0,0,0,0,0,0,0,0,0,0,0,0,0,0,0,0,1
2238,Kristyna Pliskova,0,1,3,18604.0,0,0,0,0,0,0,0,0,0,0,0,0,0,0,0,0,0,0,0,0,1
2271,Fiona Ferro,0,1,2,9082.0,0,0,0,0,0,0,0,0,0,0,0,0,0,0,0,0,0,0,0,0,0
2312,Jessica Pegula,0,1,6,12215.0,0,0,0,0,0,0,0,0,0,0,0,0,0,0,0,0,0,0,0,0,0
2353,Lauren Davis,0,1,3,12058.0,0,0,0,0,0,0,0,0,0,0,0,0,0,0,0,0,0,0,0,0,0
2361,Cori Gauff,0,0,0,1852.0,0,0,0,0,0,0,0,0,0,0,0,0,0,0,0,0,0,0,0,0,0
2394,Jil Belen Teichmann,0,1,2,9417.0,0,0,0,0,0,0,0,0,0,0,0,0,0,0,0,0,1,0,0,0,0
2419,Darya Kasatkina,0,1,4,8971.0,0,0,0,0,0,0,0,0,0,0,0,0,1,0,0,0,0,0,0,0,1
2447,Tamara Zidansek,0,1,5,8410.0,0,0,0,0,0,0,0,0,0,0,0,0,0,0,0,0,0,0,0,0,1
2487,Bernarda Pera,0,1,8,12852.0,0,0,0,0,0,0,0,0,0,0,0,0,0,0,0,0,0,0,0,0,0
2527,Lin Zhu,0,1,5,14815.0,0,0,0,0,0,0,0,0,0,0,0,0,0,0,0,0,0,0,0,0,0
2568,Laura Siegemund,0,1,3,14919.0,0,0,0,0,0,0,0,0,0,0,0,0,0,0,0,0,0,0,0,0,1
2609,Zarina Diyas,0,1,14,11205.0,0,0,0,0,0,0,0,0,0,1,0,0,0,0,0,0,0,0,0,0,0
2650,Sorana-Mihaela Cirstea,0,1,9,14088.0,0,0,0,0,0,0,0,0,0,0,0,1,0,0,0,0,0,0,0,0,1
2691,Andrea Petkovic,0,1,12,14819.0,0,0,0,0,0,0,0,0,0,0,0,0,0,0,0,0,0,0,0,0,0
2731,Taylor Townsend,0,1,1,12004.0,0,0,0,0,0,0,0,0,0,0,0,0,0,0,0,0,0,0,0,0,0
2772,Monica Puig,0,1,6,11990.0,0,0,0,0,0,0,0,0,0,0,0,0,0,0,0,0,0,0,0,0,0
2812,Viktorija Golubic,0,0,0,17314.0,0,0,0,0,0,0,0,0,0,0,0,0,0,0,0,0,1,0,0,0,0
2853,Kirsten Flipkens,0,1,8,17686.0,0,0,0,0,0,0,0,0,0,0,0,0,0,0,0,0,0,0,0,0,0
2894,Misaki Doi,0,1,6,15821.0,0,0,0,0,0,0,0,0,0,0,0,0,0,0,0,0,0,0,0,0,1
2935,Christina McHale,0,1,6,15491.0,0,0,0,0,0,0,0,0,0,0,0,0,0,0,0,0,0,0,0,0,1
2976,Danka Kovinic,0,1,6,15751.0,0,0,0,0,0,0,0,0,0,0,0,0,0,0,0,0,0,0,0,0,1
3017,Tatiana Maria,0,1,5,18711.0,0,0,0,0,0,0,0,0,0,0,0,0,0,0,0,0,0,0,0,0,1
3053,Nina Stojanovic,0,0,0,13342.0,0,0,0,0,0,0,0,0,0,0,0,0,0,1,0,0,0,0,0,0,0
3094,Ons Jabeur,0,1,8,9938.0,0,0,0,0,0,0,0,0,0,0,0,0,0,0,0,0,0,0,0,0,0
3135,Timea Babos,0,1,9,21762.0,0,0,0,0,0,0,0,0,0,0,0,0,0,0,0,0,0,0,0,0,0
3176,Vitalia Diatchenko,0,1,19,10005.0,0,0,0,0,0,0,0,0,0,0,0,0,1,0,0,0,0,0,0,0,1
3216,Sara Sorribes Tormo,0,1,8,12410.0,0,0,0,0,0,0,0,0,0,0,0,0,0,0,0,0,0,0,0,0,0
3257,Arantxa Rus,0,1,8,19418.0,0,0,0,0,0,0,0,0,0,0,0,0,0,0,0,0,0,0,0,0,0
3277,Anastasia Potapova,0,1,3,4730.0,0,0,0,0,0,0,0,0,0,0,0,0,1,0,0,0,0,0,0,0,0
3318,Kateryna Kozlova,0,1,7,12730.0,0,0,0,0,0,0,0,0,0,0,0,0,0,0,0,0,0,0,0,0,0
3358,Kristie Ahn,0,1,9,9216.0,0,0,0,0,0,0,0,0,0,0,0,0,0,0,0,0,0,0,0,0,0
3399,Madison Brengle,0,1,10,16585.0,0,0,0,0,0,0,0,0,0,0,0,0,0,0,0,0,0,0,0,0,0
3435,Jasmine Paolini,0,1,1,9928.0,0,0,0,0,0,0,0,0,0,0,0,0,0,0,0,0,0,0,0,0,0
3467,Paula Badosa Gibert,0,1,23,7686.0,0,0,0,0,0,0,0,0,0,0,0,0,0,0,0,0,0,0,0,0,0
3508,Ana Bogdan,0,1,9,11875.0,0,0,0,0,0,0,0,0,0,0,0,1,0,0,0,0,0,0,0,0,0
3549,Samantha Stosur,0,1,3,17974.0,0,1,0,0,0,0,0,0,0,0,0,0,0,0,0,0,0,0,0,0,0
3590,Margarita Gasparyan,0,1,16,10213.0,0,0,0,0,0,0,0,0,0,0,0,0,1,0,0,0,0,0,0,0,0
3631,Aliaksandra Sasnovich,0,1,3,12877.0,0,0,0,1,0,0,0,0,0,0,0,0,0,0,0,0,0,0,0,0,0
3672,Kaia Kanepi,0,1,6,9396.0,0,0,0,0,0,0,0,1,0,0,0,0,0,0,0,0,0,0,0,0,0
3713,Heather Watson,0,1,5,17808.0,0,0,0,0,0,0,0,0,0,0,0,0,0,0,0,0,0,0,0,0,0
3745,Nao Hibino,0,1,4,15245.0,0,0,0,0,0,0,0,0,0,0,0,0,0,0,0,0,0,0,0,0,1
3786,Camila Giorgi,0,1,5,10131.0,0,0,0,0,0,0,0,0,0,0,0,0,0,0,0,0,0,0,0,0,1
3827,Shuai Peng,0,1,20,16558.0,0,0,0,0,0,0,0,0,0,0,0,0,0,0,0,0,0,0,0,0,0
3868,Irina Begu,0,1,11,18310.0,0,0,0,0,0,0,0,0,0,0,0,1,0,0,0,0,0,0,0,0,1
3885,Varvara Gracheva,0,1,1,3962.0,0,0,0,0,0,0,0,0,0,0,0,0,1,0,0,0,0,0,0,0,1
3905,Katarina Zavatska,0,1,4,6129.0,0,0,0,0,0,0,0,0,0,0,0,0,0,0,0,0,0,0,0,0,1
3929,Anna Kalinskaya,0,1,8,8115.0,0,0,0,0,0,0,0,0,0,0,0,0,1,0,0,0,0,0,0,0,1
3965,Tamara Korpatsch,0,1,2,10556.0,0,0,0,0,0,0,0,0,0,0,0,0,0,0,0,0,0,0,0,0,0
4001,Astra Sharma,0,1,3,6414.0,0,1,0,0,0,0,0,0,0,0,0,0,0,0,0,0,0,0,0,0,1
4042,Mihaela Buzarnescu,0,1,10,15102.0,0,0,0,0,0,0,0,0,0,0,0,1,0,0,0,0,0,0,0,0,0
4074,Natalia Vikhlyantseva,0,1,3,7865.0,0,0,0,0,0,0,0,0,0,0,0,0,1,0,0,0,0,0,0,0,1
4114,Patricia Maria Tig,0,1,12,11453.0,0,0,0,0,0,0,0,0,0,0,0,1,0,0,0,0,0,0,0,0,0
4146,Aliona Bolsova,0,1,3,6984.0,0,0,0,0,0,0,0,0,0,0,0,0,0,0,0,0,0,0,0,0,1
4186,Ysaline Bonaventure,0,1,5,16290.0,0,0,0,0,0,0,0,0,0,0,0,0,0,0,0,0,0,0,0,0,0
4203,Caty McNally,0,1,1,3245.0,0,0,0,0,0,0,0,0,0,0,0,0,0,0,0,0,0,0,0,0,0
4244,Stefanie Voegele,0,1,11,14547.0,0,0,0,0,0,0,0,0,0,0,0,0,0,0,0,0,1,0,0,0,0
4273,Ludmilla Samsonova,0,1,4,7428.0,0,0,0,0,0,0,0,0,0,0,0,0,1,0,0,0,0,0,0,0,0
4301,Greetje Minnen,0,1,6,7673.0,0,0,0,0,0,0,0,0,0,0,0,0,0,0,0,0,0,0,0,0,1
4342,Lesya Tsurenko,0,1,25,12788.0,0,0,0,0,0,0,0,0,0,0,0,0,0,0,0,0,0,0,0,0,1
4363,Francesca Di Lorenzo,0,1,2,5852.0,0,0,0,0,0,0,0,0,0,0,0,0,0,0,0,0,0,0,0,0,0
4403,Beatriz Haddad Maia,0,1,10,11596.0,0,0,0,0,1,0,0,0,0,0,0,0,0,0,0,0,0,0,0,0,1
4444,Nicole Gibbs,0,0,0,12036.0,0,0,0,0,0,0,0,0,0,0,0,0,0,0,0,0,0,0,0,0,0
4481,Varvara Flink,0,1,8,7819.0,0,0,0,0,0,0,0,0,0,0,0,0,1,0,0,0,0,0,0,0,0
4522,Katarzyna Kawa,0,1,4,14378.0,0,0,0,0,0,0,0,0,0,0,0,0,0,0,0,0,0,0,0,0,0
4542,Kaja Juvan,0,1,3,3610.0,0,0,0,0,0,0,0,0,0,0,0,0,0,0,0,0,0,0,0,0,0
4582,Barbora Krejcikova,0,1,5,16131.0,0,0,0,0,0,0,0,0,0,0,0,0,0,0,0,0,0,0,0,0,0
4623,Monica Niculescu,0,1,16,20088.0,0,0,0,0,0,0,0,0,0,0,0,1,0,0,0,0,0,0,0,0,1
4656,Lizette Cabrera,0,0,0,10161.0,0,1,0,0,0,0,0,0,0,0,0,0,0,0,0,0,0,0,0,0,0
4684,Maddison Inglis,0,1,5,7155.0,0,1,0,0,0,0,0,0,0,0,0,0,0,0,0,0,0,0,0,0,0
4712,Usue Maitane Arconada,0,1,1,8828.0,0,0,0,0,0,0,0,0,0,0,0,0,0,0,0,0,0,0,0,0,0
4753,Tereza Martincova,0,1,26,13530.0,0,0,0,0,0,0,0,0,0,0,0,0,0,0,0,0,0,0,0,0,1
4794,Pauline Parmentier,0,1,3,15346.0,0,0,0,0,0,0,0,0,0,0,0,0,0,0,0,0,0,0,0,0,0
4810,Xiyu Wang,0,0,0,4198.0,0,0,0,0,0,0,0,0,0,0,0,0,0,0,0,0,0,0,0,0,0
4846,Anna-Lena Friedsam,0,1,7,10982.0,0,0,0,0,0,0,0,0,0,0,0,0,0,0,0,0,0,0,0,0,1
4862,Whitney Osuigwe,0,1,1,3435.0,0,0,0,0,0,0,0,0,0,0,0,0,0,0,0,0,0,0,0,0,0
4903,Kurumi Nara,0,1,14,13076.0,0,0,0,0,0,0,0,0,0,0,0,0,0,0,0,0,0,0,0,0,0
4940,Alexandra Kiick,0,1,8,8690.0,0,0,0,0,0,0,0,0,0,0,0,0,0,0,0,0,0,0,0,0,0
4972,Priscilla Hon,0,1,2,10432.0,0,1,0,0,0,0,0,0,0,0,0,0,0,0,0,0,0,0,0,0,1
5013,Mandy Minella,0,1,6,19099.0,0,0,0,0,0,0,0,0,0,0,0,0,0,0,0,0,0,0,0,0,0
5041,Caroline Dolehide,0,1,2,7832.0,0,0,0,0,0,0,0,0,0,0,0,0,0,0,0,0,0,0,0,0,0
5057,Ann Li,0,0,0,3483.0,0,0,0,0,0,0,0,0,0,0,0,0,0,0,0,0,0,0,0,0,0
5097,Barbara Haas,0,1,4,11940.0,0,0,1,0,0,0,0,0,0,0,0,0,0,0,0,0,0,0,0,0,0
5138,Viktoriya Tomova,0,1,5,14654.0,0,0,0,0,0,0,0,0,0,0,0,0,0,0,0,0,0,0,0,0,1
5179,Maria Sharapova,0,1,9,8496.0,0,0,0,0,0,0,0,0,0,0,0,0,1,0,0,0,0,0,0,0,0
5219,Veronica Cepede Royg,0,0,0,15965.0,0,0,0,0,0,0,0,0,0,0,0,0,0,0,0,0,0,0,0,0,0
5260,Yanina Wickmayer,0,1,8,14469.0,0,0,0,0,0,0,0,0,0,0,0,0,0,0,0,0,0,0,0,0,0
5292,Ivana Jorovic,0,1,2,8260.0,0,0,0,0,0,0,0,0,0,0,0,0,0,1,0,0,0,0,0,0,1
5308,Marta Kostyuk,0,1,1,2872.0,0,0,0,0,0,0,0,0,0,0,0,0,0,0,0,0,0,0,0,0,0
5349,Giulia Gatto-Monticone,0,1,15,15920.0,0,0,0,0,0,0,0,0,0,0,0,0,0,0,0,0,0,0,0,0,1
5390,Sachia Vickery,0,1,19,11966.0,0,0,0,0,0,0,0,0,0,0,0,0,0,0,0,0,0,0,0,0,0
5431,Lara Arruabarrena-Vecino,0,0,0,16671.0,0,0,0,0,0,0,0,0,0,0,0,0,0,0,0,0,0,0,0,0,0
5439,Xinyu Wang,0,1,2,2118.0,0,0,0,0,0,0,0,0,0,0,0,0,0,0,0,0,0,0,0,0,0
5463,Martina Trevisan,0,1,8,6744.0,0,0,0,0,0,0,0,0,0,0,0,0,0,0,0,0,0,0,0,0,0
5504,Shelby Rogers,0,1,6,10993.0,0,0,0,0,0,0,0,0,0,0,0,0,0,0,0,0,0,0,0,0,0
5544,Antonia Lottner,0,1,5,10147.0,0,0,0,0,0,0,0,0,0,0,0,0,0,0,0,0,0,0,0,0,0
5580,Anhelina Kalinina,0,1,7,9196.0,0,0,0,0,0,0,0,0,0,0,0,0,0,0,0,0,0,0,0,0,1
5616,Oceane Dodin,0,1,12,8830.0,0,0,0,0,0,0,0,0,0,0,0,0,0,0,0,0,0,0,0,0,0
5657,Alexandra Krunic,0,1,4,16430.0,0,0,0,0,0,0,0,0,0,0,0,0,0,1,0,0,0,0,0,0,0
5697,Irina Maria Bara,0,1,10,17498.0,0,0,0,0,0,0,0,0,0,0,0,1,0,0,0,0,0,0,0,0,0
5738,Robin Anderson,0,1,6,8525.0,0,0,0,0,0,0,0,0,0,0,0,0,0,0,0,0,0,0,0,0,0
5779,Jana Cepelova,0,1,10,13226.0,0,0,0,0,0,0,0,0,0,0,0,0,0,0,0,0,0,0,0,0,0
5820,Isabella Shinikova,0,1,1,25240.0,0,0,0,0,0,0,0,0,0,0,0,0,0,0,0,0,0,0,0,0,0
5852,Mariam Bolkvadze,0,1,9,9654.0,0,0,0,0,0,0,0,0,0,0,0,0,0,0,0,0,0,0,0,0,0
5893,Varvara Lepchenko,0,1,9,13903.0,0,0,0,0,0,0,0,0,0,0,0,0,0,0,0,0,0,0,0,0,1
5934,Lesley Pattinama Kerkhove,0,1,2,20934.0,0,0,0,0,0,0,0,0,0,0,0,0,0,0,0,0,0,0,0,0,1
5963,Cristina Bucsa,0,1,6,9056.0,0,0,0,0,0,0,0,0,0,0,0,0,0,0,0,0,0,0,0,0,1
5999,Mayo Hibi,0,0,0,11364.0,0,0,0,0,0,0,0,0,0,0,0,0,0,0,0,0,0,0,0,0,0
6035,Harriet Dart,0,1,4,12115.0,0,0,0,0,0,0,0,0,0,0,0,0,0,0,0,0,0,0,0,0,0
6068,Rebecca Sramkova,0,1,2,10667.0,0,0,0,0,0,0,0,0,0,0,0,0,0,0,0,0,0,0,0,0,1
6109,Kristina Kucova,0,1,8,11604.0,0,0,0,0,0,0,0,0,0,0,0,0,0,0,0,0,0,0,0,0,1
6118,Elisabetta Cocciaretto,0,0,0,2560.0,0,0,0,0,0,0,0,0,0,0,0,0,0,0,0,0,0,0,0,0,0
6159,Magdalena Rybarikova,0,1,24,11716.0,0,0,0,0,0,0,0,0,0,0,0,0,0,0,0,0,0,0,0,0,0
6200,Cagla Buyukakcay,0,0,0,15808.0,0,0,0,0,0,0,0,0,0,0,0,0,0,0,0,0,0,0,0,0,0
6241,Ankita Raina,0,0,0,16846.0,0,0,0,0,0,0,0,0,0,0,0,0,0,0,0,0,0,0,0,0,0
6282,Chloe Paquet,0,1,10,14103.0,0,0,0,0,0,0,0,0,0,0,0,0,0,0,0,0,0,0,0,0,0
6323,Na-Lae Han,0,1,4,15694.0,0,0,0,0,0,0,0,0,0,0,0,0,0,0,1,0,0,0,0,0,0
6364,Timea Bacsinszky,0,1,8,13105.0,0,0,0,0,0,0,0,0,0,0,0,0,0,0,0,0,1,0,0,0,1
6405,Natalija Kostic,0,1,18,15338.0,0,0,0,0,0,0,0,0,0,0,0,0,0,1,0,0,0,0,0,0,0
6446,Dalila Jakupovic,0,1,13,17844.0,0,0,0,0,0,0,0,0,0,0,0,0,0,0,0,0,0,0,0,0,0
6478,Elena Gabriela Ruse,0,1,7,9089.0,0,0,0,0,0,0,0,0,0,0,0,1,0,0,0,0,0,0,0,0,1
6519,Jia-Jing Lu,0,1,2,18437.0,0,0,0,0,0,0,0,0,0,0,0,0,0,0,0,0,0,0,0,0,0
6560,Xin-Yun Han,0,1,12,18961.0,0,0,0,0,0,0,0,0,0,0,0,0,0,0,0,0,0,0,0,0,0
6601,Bibiane Schoofs,0,1,11,13055.0,0,0,0,0,0,0,0,0,0,0,0,0,0,0,0,0,0,0,0,0,0
6621,Olga Danilovic,0,1,1,3867.0,0,0,0,0,0,0,0,0,0,0,0,0,0,1,0,0,0,0,0,0,0
6653,Magdalena Frech,0,1,2,10876.0,0,0,0,0,0,0,0,0,0,0,0,0,0,0,0,0,0,0,0,0,1
6689,Jessika Ponchet,0,1,5,10560.0,0,0,0,0,0,0,0,0,0,0,0,0,0,0,0,0,0,0,0,0,0
6705,Yuki Naito,0,1,1,3461.0,0,0,0,0,0,0,0,0,0,0,0,0,0,0,0,0,0,0,0,0,0
6746,Sara Errani,0,1,7,20906.0,0,0,0,0,0,0,0,0,0,0,0,0,0,0,0,0,0,0,0,0,0
6787,Olga Govortsova,0,1,18,14905.0,0,0,0,1,0,0,0,0,0,0,0,0,0,0,0,0,0,0,0,0,0
6803,Kamilla Rakhimova,0,1,2,3616.0,0,0,0,0,0,0,0,0,0,0,0,0,1,0,0,0,0,0,0,0,0
6843,Mayar Sherif,0,1,3,5203.0,0,0,0,0,0,0,1,0,0,0,0,0,0,0,0,0,0,0,0,0,0
6884,Richel Hogenkamp,0,1,11,15781.0,0,0,0,0,0,0,0,0,0,0,0,0,0,0,0,0,0,0,0,0,0
6925,Elitsa Kostova,0,1,6,20555.0,0,0,0,0,0,0,0,0,0,0,0,0,0,0,0,0,0,0,0,0,0
6966,Reka-Luca Jani,0,1,4,21183.0,0,0,0,0,0,0,0,0,0,0,0,0,0,0,0,0,0,0,0,0,0
7007,Martina Di Giuseppe,0,1,6,12754.0,0,0,0,0,0,0,0,0,0,0,0,0,0,0,0,0,0,0,0,0,0
7048,Mona Barthel,0,1,11,15255.0,0,0,0,0,0,0,0,0,0,0,0,0,0,0,0,0,0,0,0,0,0
7088,Danielle Lao,0,1,6,8580.0,0,0,0,0,0,0,0,0,0,0,0,0,0,0,0,0,0,0,0,0,1
7129,Ekaterine Gorgodze,0,1,12,20651.0,0,0,0,0,0,0,0,0,0,0,0,0,0,0,0,0,0,0,0,0,0
7169,Karolina Anna Schmiedlova,0,0,0,11607.0,0,0,0,0,0,0,0,0,0,0,0,0,0,0,0,0,0,0,0,0,0
7210,Vera Zvonareva,0,1,16,8811.0,0,0,0,0,0,0,0,0,0,0,0,0,1,0,0,0,0,0,0,0,0
7246,Zoe Hives,0,1,7,5948.0,0,1,0,0,0,0,0,0,0,0,0,0,0,0,0,0,0,0,0,0,0
7267,Destanee Aiava,0,0,0,6462.0,0,1,0,0,0,0,0,0,0,0,0,0,0,0,0,0,0,0,0,0,0
7308,Dominika Cibulkova,0,1,9,13651.0,0,0,0,0,0,0,0,0,0,0,0,0,0,0,0,0,0,0,0,0,0
7349,Daria Gavrilova,0,1,7,12838.0,0,1,0,0,0,0,0,0,0,0,0,0,0,0,0,0,0,0,0,0,1
7390,Ekaterina Makarova,0,1,4,17947.0,0,0,0,0,0,0,0,0,0,0,0,0,1,0,0,0,0,0,0,0,0
7415,Vera Lapko,0,1,5,7403.0,0,0,0,1,0,0,0,0,0,0,0,0,0,0,0,0,0,0,0,0,0
7455,Luksika Kumkhum,0,1,3,14211.0,0,0,0,0,0,0,0,0,0,0,0,0,0,0,0,0,0,1,0,0,0
7496,Evgeniya Rodina,0,1,9,14088.0,0,0,0,0,0,0,0,0,0,0,0,0,1,0,0,0,0,0,0,0,0
7537,Johanna Larsson,0,1,5,19084.0,0,0,0,0,0,0,0,0,0,0,0,0,0,0,0,1,0,0,0,0,1
7578,Eugenie Bouchard,0,1,10,12056.0,0,0,0,0,0,0,0,0,0,0,0,0,0,0,0,0,0,0,0,0,0
7618,Katie Boulter,0,1,13,8166.0,0,0,0,0,0,0,0,0,0,0,0,0,0,0,0,0,0,0,0,0,1
7659,Coco Vandeweghe,0,1,13,14034.0,0,0,0,0,0,0,0,0,0,0,0,0,0,0,0,0,0,0,0,0,0
7696,Lucie Safarova,0,1,9,17111.0,0,0,0,0,0,0,0,0,0,0,0,0,0,0,0,0,0,0,0,0,0
7733,Mariana Duque-Marino,0,1,3,14331.0,0,0,0,0,0,1,0,0,0,0,0,0,0,0,0,0,0,0,0,0,0
7750,Sofya Zhuk,0,0,0,0.0,0,0,0,0,0,0,0,0,0,0,0,0,1,0,0,0,0,0,0,0,0
7767,Fanny Stollar,0,0,0,0.0,0,0,0,0,0,0,0,0,0,0,0,0,0,0,0,0,0,0,0,0,0
7808,Julia Glushko,0,1,6,16475.0,0,0,0,0,0,0,0,0,1,0,0,0,0,0,0,0,0,0,0,0,1
7825,Catherine Cartan Bellis,0,0,0,0.0,0,0,0,0,0,0,0,0,0,0,0,0,0,0,0,0,0,0,0,0,0
7866,Kateryna Bondarenko,0,1,8,13347.0,0,0,0,0,0,0,0,0,0,0,0,0,0,0,0,0,0,0,0,0,1
7907,Irina Khromacheva,0,1,20,14800.0,0,0,0,0,0,0,0,0,0,0,0,0,1,0,0,0,0,0,0,0,0
7947,Tereza Smitkova,0,1,14,12744.0,0,0,0,0,0,0,0,0,0,0,0,0,0,0,0,0,0,0,0,0,1
7980,Elena Vesnina,0,1,9,17516.0,0,0,0,0,0,0,0,0,0,0,0,0,1,0,0,0,0,0,0,0,0
8004,Claire Liu,0,1,2,4552.0,0,0,0,0,0,0,0,0,0,0,0,0,0,0,0,0,0,0,0,0,1
8045,Sabina Sharipova,0,1,14,15000.0,0,0,0,0,0,0,0,0,0,0,0,0,0,0,0,0,0,0,0,0,0
8086,Georgina Garcia-Perez,0,1,8,14480.0,0,0,0,0,0,0,0,0,0,0,0,0,0,0,0,0,0,0,0,0,0
8127,Ying-Ying Duan,0,1,11,11901.0,0,0,0,0,0,0,0,0,0,0,0,0,0,0,0,0,0,0,0,0,0
8168,Alexandra Dulgheru,0,1,20,10861.0,0,0,0,0,0,0,0,0,0,0,0,1,0,0,0,0,0,0,0,0,1
8209,Conny Perrin,0,1,5,20645.0,0,0,0,0,0,0,0,0,0,0,0,0,0,0,0,0,1,0,0,0,0
8250,Denisa Satralova,0,1,8,9982.0,0,0,0,0,0,0,0,0,0,0,0,0,0,0,0,0,0,0,0,0,1
8286,Fangzhou Liu,0,1,9,9803.0,0,0,0,0,0,0,0,0,0,0,0,0,0,0,0,0,0,0,0,0,0
8319,Kathinka Von Deichmann,0,1,5,13052.0,0,0,0,0,0,0,0,0,0,0,0,0,0,0,0,0,0,0,0,0,1
8360,Arina Rodionova,0,1,9,21125.0,0,1,0,0,0,0,0,0,0,0,0,0,0,0,0,0,0,0,0,0,0
8401,Carina Witthoeft,0,1,7,11948.0,0,0,0,0,0,0,0,0,0,0,0,0,0,0,0,0,0,0,0,0,0
8437,Valentini Grammatikopoulou,0,1,3,15502.0,0,0,0,0,0,0,0,0,0,0,0,0,0,0,0,0,0,0,0,0,1
8473,Jamie Loeb,0,0,0,11426.0,0,0,0,0,0,0,0,0,0,0,0,0,0,0,0,0,0,0,0,0,0
8497,Katie Swan,0,1,9,5959.0,0,0,0,0,0,0,0,0,0,0,0,0,0,0,0,0,0,0,0,0,1
8534,Ellen Perez,0,1,2,10285.0,0,1,0,0,0,0,0,0,0,0,0,0,0,0,0,0,0,0,0,0,0
8575,Basak Eraydin,0,1,5,16692.0,0,0,0,0,0,0,0,0,0,0,0,0,0,0,0,0,0,0,0,0,0
8603,Gabriella Taylor,0,1,8,5905.0,0,0,0,0,0,0,0,0,0,0,0,0,0,0,0,0,0,0,0,0,0
8644,Silvia Soler-Espinosa,0,1,6,14571.0,0,0,0,0,0,0,0,0,0,0,0,0,0,0,0,0,0,0,0,0,0
8665,Ayano Shimizu,0,0,0,8605.0,0,0,0,0,0,0,0,0,0,0,0,0,0,0,0,0,0,0,0,0,0
8706,Asia Muhammad,0,1,1,17819.0,0,0,0,0,0,0,0,0,0,0,0,0,0,0,0,0,0,0,0,0,0
8747,Sabine Lisicki,0,1,16,10980.0,0,0,0,0,0,0,0,0,0,0,0,0,0,0,0,0,0,0,0,0,0
8784,Agnieszka Radwanska,0,1,6,13994.0,0,0,0,0,0,0,0,0,0,0,0,0,0,0,0,0,0,0,0,0,0
8821,Mirjana Lucic,0,1,13,11824.0,0,0,0,0,0,0,0,0,0,0,0,0,0,0,0,0,0,0,0,0,0
8850,Ana Konjuh,0,1,5,6377.0,0,0,0,0,0,0,0,0,0,0,0,0,0,0,0,0,0,0,0,0,0
8887,Francesca Schiavone,0,1,6,11608.0,0,0,0,0,0,0,0,0,0,0,0,0,0,0,0,0,0,0,0,0,1
8916,Jana Fett,0,1,6,9298.0,0,0,0,0,0,0,0,0,0,0,0,0,0,0,0,0,0,0,0,0,0
8957,Naomi Broady,0,1,3,20634.0,0,0,0,0,0,0,0,0,0,0,0,0,0,0,0,0,0,0,0,0,0
8990,Roberta Vinci,0,1,3,16782.0,0,0,0,0,0,0,0,0,0,0,0,0,0,0,0,0,0,0,0,0,0
9030,Risa Ozaki,0,1,1,10900.0,0,0,0,0,0,0,0,0,0,0,0,0,0,0,0,0,0,0,0,0,1
9071,Bethanie Mattek,0,1,4,16138.0,0,0,0,0,0,0,0,0,0,0,0,0,0,0,0,0,0,0,0,0,0
9103,Francoise Abanda,0,1,7,7796.0,0,0,0,0,0,0,0,0,0,0,0,0,0,0,0,0,0,0,0,0,0
9144,Miyu Kato,0,1,9,14371.0,0,0,0,0,0,0,0,0,0,0,0,0,0,0,0,0,0,0,0,0,0
9185,Irina Falconi,0,1,7,14222.0,0,0,0,0,0,0,0,0,0,0,0,0,0,0,0,0,0,0,0,0,1
9226,Julia Boserup,0,1,6,8920.0,0,0,0,0,0,0,0,0,0,0,0,0,0,0,0,0,0,0,0,0,1
9267,Su Jeong Jang,0,1,2,14820.0,0,0,0,0,0,0,0,0,0,0,0,0,0,0,1,0,0,0,0,0,1
9308,Carol Zhao,0,1,1,9417.0,0,0,0,0,0,0,0,0,0,0,0,0,0,0,0,0,0,0,0,0,0
9345,Patty Schnyder,0,1,3,6387.0,0,0,0,0,0,0,0,0,0,0,0,0,0,0,0,0,1,0,0,0,0
9370,Kayla Day,0,1,3,4886.0,0,0,0,0,0,0,0,0,0,0,0,0,0,0,0,0,0,0,0,0,0
9403,Jelena Jankovic,0,1,9,13465.0,0,0,0,0,0,0,0,0,0,0,0,0,0,1,0,0,0,0,0,0,1
9444,Olivia Rogowska,0,1,7,17133.0,0,1,0,0,0,0,0,0,0,0,0,0,0,0,0,0,0,0,0,0,0
9485,Jing-Jing Lu,0,1,5,9871.0,0,0,0,0,0,0,0,0,0,0,0,0,0,0,0,0,0,0,0,0,0
9518,Tsvetana Pironkova,0,1,1,7840.0,0,0,0,0,0,0,0,0,0,0,0,0,0,0,0,0,0,0,0,0,0
9559,Maryna Zanevska,0,1,21,17090.0,0,0,0,0,0,0,0,0,0,0,0,0,0,0,0,0,0,0,0,0,0
9595,Eri Hozumi,0,1,4,17801.0,0,0,0,0,0,0,0,0,0,0,0,0,0,0,0,0,0,0,0,0,0
9636,Alexandra Cadantu,0,1,32,16319.0,0,0,0,0,0,0,0,0,0,0,0,1,0,0,0,0,0,0,0,0,0
9677,Polina Monova,0,1,15,15031.0,0,0,0,0,0,0,0,0,0,0,0,0,1,0,0,0,0,0,0,0,0
9710,Annika Beck,0,1,1,11176.0,0,0,0,0,0,0,0,0,0,0,0,0,0,0,0,0,0,0,0,0,0
9751,Sesil Karatantcheva,0,1,1,12544.0,0,0,0,0,0,0,0,0,0,0,0,0,0,0,0,0,0,0,0,0,0
9792,Valentyna Ivakhnenko,0,1,9,16709.0,0,0,0,0,0,0,0,0,0,0,0,0,1,0,0,0,0,0,0,0,1
9833,Lucie Hradecká,0,1,8,22315.0,0,0,0,0,0,0,0,0,0,0,0,0,0,0,0,0,0,0,0,0,0
9874,Deborah Chiesa,0,1,2,13292.0,0,0,0,0,0,0,0,0,0,0,0,0,0,0,0,0,0,0,0,0,0
9902,Elizaveta Kulichkova,0,1,4,5830.0,0,0,0,0,0,0,0,0,0,0,0,0,1,0,0,0,0,0,0,0,0
9943,Ipek Soylu,0,1,8,14350.0,0,0,0,0,0,0,0,0,0,0,0,0,0,0,0,0,0,0,0,0,0
9972,Yaroslava Shvedova,0,1,13,15135.0,0,0,0,0,0,0,0,0,0,1,0,0,0,0,0,0,0,0,0,0,1
10001,Ana Ivanovic,0,1,6,9279.0,0,0,0,0,0,0,0,0,0,0,0,0,0,1,0,0,0,0,0,0,1
10033,Louisa Chirico,0,1,1,10456.0,0,0,0,0,0,0,0,0,0,0,0,0,0,0,0,0,0,0,0,0,0
10074,Vania King,0,1,13,14082.0,0,0,0,0,0,0,0,0,0,0,0,0,0,0,0,0,0,0,0,0,0
10107,Marina Erakovic,0,1,9,12648.0,0,0,0,0,0,0,0,0,0,0,0,0,0,0,0,0,0,0,0,0,1
10136,Samantha Crawford,0,1,2,8469.0,0,0,0,0,0,0,0,0,0,0,0,0,0,0,0,0,0,0,0,0,0
10177,Tamira Paszek,0,1,19,9872.0,0,0,1,0,0,0,0,0,0,0,0,0,0,0,0,0,0,0,0,0,0
10218,Grace Min,0,0,0,10728.0,0,0,0,0,0,0,0,0,0,0,0,0,0,0,0,0,0,0,0,0,0
10259,Kai-Chen Chang,0,1,5,12846.0,0,0,0,0,0,0,0,0,0,0,0,0,0,0,0,0,0,0,0,0,0
10300,Kai-Lin Zhang,0,1,8,13556.0,0,0,0,0,0,0,0,0,0,0,0,0,0,0,0,0,0,0,0,0,0
10341,Cindy Burger,0,1,15,15186.0,0,0,0,0,0,0,0,0,0,0,0,0,0,0,0,0,0,0,0,0,0
10378,Alla Kudryavtseva,0,1,7,17846.0,0,0,0,0,0,0,0,0,0,0,0,0,1,0,0,0,0,0,0,0,0
10411,Karin Knapp,0,1,8,9554.0,0,0,0,0,0,0,0,0,0,0,0,0,0,0,0,0,0,0,0,0,0
10448,Misa Eguchi,0,1,5,12376.0,0,0,0,0,0,0,0,0,0,0,0,0,0,0,0,0,0,0,0,0,0
10476,Dalma Galfi,0,1,8,10249.0,0,0,0,0,0,0,0,0,0,0,0,0,0,0,0,0,0,0,0,0,0
10517,Tara Moore,0,1,13,19080.0,0,0,0,0,0,0,0,0,0,0,0,0,0,0,0,0,0,0,0,0,0
10550,Anastasia Pivovarova,0,1,11,8594.0,0,0,0,0,0,0,0,0,0,0,0,0,1,0,0,0,0,0,0,0,1
10591,Nigina Abduraimova,0,1,2,13096.0,0,0,0,0,0,0,0,0,0,0,0,0,0,0,0,0,0,0,0,0,0
10632,Paula Goncalves,0,1,6,15200.0,0,0,0,0,1,0,0,0,0,0,0,0,0,0,0,0,0,0,0,0,1
10665,Virginie Razzano,0,1,25,7028.0,0,0,0,0,0,0,0,0,0,0,0,0,0,0,0,0,0,0,0,0,0
10706,Barbora Stefkova,0,1,4,10229.0,0,0,0,0,0,0,0,0,0,0,0,0,0,0,0,0,0,0,0,0,1
10746,Montserrat (1994) Gonzalez,0,1,8,13046.0,0,0,0,0,0,0,0,0,0,0,0,0,0,0,0,0,0,0,0,0,0
10782,Susanne Celik,0,1,3,9752.0,0,0,0,0,0,0,0,0,0,0,0,0,0,0,0,1,0,0,0,0,0
10819,Amra Sadikovic,0,1,18,12637.0,0,0,0,0,0,0,0,0,0,0,0,0,0,0,0,0,1,0,0,0,0
10860,Quirine Lemoine,0,1,9,13496.0,0,0,0,0,0,0,0,0,0,0,0,0,0,0,0,0,0,0,0,0,1
10897,Victoria Kamenskaya,0,1,3,5305.0,0,0,0,0,0,0,0,0,0,0,0,0,1,0,0,0,0,0,0,0,0
10938,Catalina Pella,0,1,9,14884.0,1,0,0,0,0,0,0,0,0,0,0,0,0,0,0,0,0,0,0,0,1
10975,Nadia Podoroska,0,1,9,11169.0,1,0,0,0,0,0,0,0,0,0,0,0,0,0,0,0,0,0,0,0,1
11016,Myrtille Georges,0,1,17,17298.0,0,0,0,0,0,0,0,0,0,0,0,0,0,0,0,0,0,0,0,0,1
11049,Ksenia Lykina,0,1,9,11626.0,0,0,0,0,0,0,0,0,0,0,0,0,1,0,0,0,0,0,0,0,0
11090,Anna Tatishvili,0,1,14,13143.0,0,0,0,0,0,0,0,0,0,0,0,0,0,0,0,0,0,0,0,0,0
11115,Flavia Pennetta,0,1,8,12907.0,0,0,0,0,0,0,0,0,0,0,0,0,0,0,0,0,0,0,0,0,0
11156,Teliana Pereira,0,1,9,12205.0,0,0,0,0,1,0,0,0,0,0,0,0,0,0,0,0,0,0,0,0,1
11193,Bojana Jovanovski Petrovic,0,0,0,9060.0,0,0,0,0,0,0,0,0,0,0,0,0,0,1,0,0,0,0,0,0,0
11222,Daniela Hantuchova,0,1,8,11595.0,0,0,0,0,0,0,0,0,0,0,0,0,0,0,0,0,0,0,0,0,0
11263,Urszula Radwanska,0,1,9,10732.0,0,0,0,0,0,0,0,0,0,0,0,0,0,0,0,0,0,0,0,0,0
11304,Cristina-Andreea Mitu,0,1,6,13700.0,0,0,0,0,0,0,0,0,0,0,0,1,0,0,0,0,0,0,0,0,1
11329,Klara Koukalova,0,1,5,11727.0,0,0,0,0,0,0,0,0,0,0,0,0,0,0,0,0,0,0,0,0,0
11362,Lourdes Dominguez-Lino,0,1,3,10102.0,0,0,0,0,0,0,0,0,0,0,0,0,0,0,0,0,0,0,0,0,0
11391,Jarmila Wolfe,0,1,6,11660.0,0,1,0,0,0,0,0,0,0,0,0,0,0,0,0,0,0,0,0,0,0
11428,Casey Dellacqua,0,1,1,11578.0,0,1,0,0,0,0,0,0,0,0,0,0,0,0,0,0,0,0,0,0,1
11469,Romina Oprandi,0,1,20,8439.0,0,0,0,0,0,0,0,0,0,0,0,0,0,0,0,0,1,0,0,0,0
11510,Maria-Teresa Torro-Flor,0,1,10,10008.0,0,0,0,0,0,0,0,0,0,0,0,0,0,0,0,0,0,0,0,0,0
11551,Petra Cetkovská,0,1,10,7026.0,0,0,0,0,0,0,0,0,0,0,0,0,0,0,0,0,0,0,0,0,0
11592,Alexandra Panova,0,1,4,16513.0,0,0,0,0,0,0,0,0,0,0,0,0,1,0,0,0,0,0,0,0,1
11625,Alexa Glatch,0,1,14,6827.0,0,0,0,0,0,0,0,0,0,0,0,0,0,0,0,0,0,0,0,0,1
11666,Paula Kania,0,1,4,14437.0,0,0,0,0,0,0,0,0,0,0,0,0,0,0,0,0,0,0,0,0,0
11703,An-Sophie Mestach,0,1,8,12365.0,0,0,0,0,0,0,0,0,0,0,0,0,0,0,0,0,0,0,0,0,1
11740,Andrea Hlavackova,0,1,5,20449.0,0,0,0,0,0,0,0,0,0,0,0,0,0,0,0,0,0,0,0,0,0
11781,Amandine Hesse,0,1,3,17044.0,0,0,0,0,0,0,0,0,0,0,0,0,0,0,0,0,0,0,0,0,1
11822,Alize Lim,0,1,17,14228.0,0,0,0,0,0,0,0,0,0,0,0,0,0,0,0,0,0,0,0,0,0
11854,Katerina Stewart,0,1,2,7823.0,0,0,0,0,0,0,0,0,0,0,0,0,0,0,0,0,0,0,0,0,0
11879,Mathilde Johansson,0,1,3,6769.0,0,0,0,0,0,0,0,0,0,0,0,0,0,0,0,0,0,0,0,0,0
11920,Zhaoxuan Yang,0,1,4,13743.0,0,0,0,0,0,0,0,0,0,0,0,0,0,0,0,0,0,0,0,0,0
11945,Shahar Peer,0,1,1,9990.0,0,0,0,0,0,0,0,0,1,0,0,0,0,0,0,0,0,0,0,0,0
11986,Michaella Krajicek,0,1,3,11886.0,0,0,0,0,0,0,0,0,0,0,0,0,0,0,0,0,0,0,0,0,0
12027,Jovana Jovic,0,1,9,14802.0,0,0,0,0,0,0,0,0,0,0,0,0,0,1,0,0,0,0,0,0,1
12060,Kimiko Date,0,1,19,10133.0,0,0,0,0,0,0,0,0,0,0,0,0,0,0,0,0,0,0,0,0,0
12101,Hiroko Kuwata,0,1,1,17516.0,0,0,0,0,0,0,0,0,0,0,0,0,0,0,0,0,0,0,0,0,1
12130,Stephanie Vogt,0,1,3,11844.0,0,0,0,0,0,0,0,0,0,0,0,0,0,0,0,0,0,0,0,0,0
12171,Maria Sanchez,0,0,0,17907.0,0,0,0,0,0,0,0,0,0,0,0,0,0,0,0,0,0,0,0,0,0
12212,Laura Pous-Tio,0,1,2,10920.0,0,0,0,0,0,0,0,0,0,0,0,0,0,0,0,0,0,0,0,0,1
12253,Yuxuan Zhang,0,1,6,9851.0,0,0,0,0,0,0,0,0,0,0,0,0,0,0,0,0,0,0,0,0,1
12290,Olga Savchuk,0,1,6,14908.0,0,0,0,0,0,0,0,0,0,0,0,0,0,0,0,0,0,0,0,0,0
12311,Chanelle Scheepers,0,0,0,7689.0,0,0,0,0,0,0,0,0,0,0,0,0,0,0,0,0,0,0,0,0,0
12332,Yvonne Meusburger,0,1,1,6382.0,0,0,1,0,0,0,0,0,0,0,0,0,0,0,0,0,0,0,0,0,0
12357,Jie Zheng,0,1,2,10062.0,0,0,0,0,0,0,0,0,0,0,0,0,0,0,0,0,0,0,0,0,1
12390,Patricia Mayr,0,1,17,8793.0,0,0,1,0,0,0,0,0,0,0,0,0,0,0,0,0,0,0,0,0,0
12431,Paula Ormaechea,0,1,3,13742.0,1,0,0,0,0,0,0,0,0,0,0,0,0,0,0,0,0,0,0,0,0
12464,Michelle Larcher de Brito,0,1,3,8845.0,0,0,0,0,0,0,0,0,0,0,0,0,0,0,0,0,0,0,0,0,0
12505,Sharon Fichman,0,1,3,12343.0,0,0,0,0,0,0,0,0,0,0,0,0,0,0,0,0,0,0,0,0,0
12538,Aleksandra Wozniak,0,1,3,6454.0,0,0,0,0,0,0,0,0,0,0,0,0,0,0,0,0,0,0,0,0,0
12579,Victoria Duval,0,1,5,5766.0,0,0,0,0,0,0,0,0,0,0,0,0,0,0,0,0,0,0,0,0,1
12620,Alisa Kleybanova,0,1,4,5849.0,0,0,0,0,0,0,0,0,0,0,0,0,1,0,0,0,0,0,0,0,0
12661,Dinah Pfizenmaier,0,1,5,7278.0,0,0,0,0,0,0,0,0,0,0,0,0,0,0,0,0,0,0,0,0,1
12694,Ksenia Pervak,0,1,16,6559.0,0,0,0,0,0,0,0,0,0,0,0,0,1,0,0,0,0,0,0,0,1
12723,Melanie Oudin,0,1,3,9570.0,0,0,0,0,0,0,0,0,0,0,0,0,0,0,0,0,0,0,0,0,0
12748,Ekaterina Bychkova,0,1,5,8035.0,0,0,0,0,0,0,0,0,0,0,0,0,1,0,0,0,0,0,0,0,1
12777,Claire Feuerstein,0,1,5,8209.0,0,0,0,0,0,0,0,0,0,0,0,0,0,0,0,0,0,0,0,0,0
12818,Latisha Chan,0,1,10,16131.0,0,0,0,0,0,0,0,0,0,0,0,0,0,0,0,0,0,0,0,0,0
12859,Katarzyna Piter,0,1,2,19721.0,0,0,0,0,0,0,0,0,0,0,0,0,0,0,0,0,0,0,0,0,0
12888,Yulia Beygelzimer,0,1,3,10674.0,0,0,0,0,0,0,0,0,0,0,0,0,0,0,0,0,0,0,0,0,0
12929,Renata Voracova,0,1,2,19754.0,0,0,0,0,0,0,0,0,0,0,0,0,0,0,0,0,0,0,0,0,0
12970,Gabriela Dabrowski,0,0,0,17237.0,0,0,0,0,0,0,0,0,0,0,0,0,0,0,0,0,0,0,0,0,0
13007,Anastasiya Vasylyeva,0,1,3,18726.0,0,0,0,0,0,0,0,0,0,0,0,0,0,0,0,0,0,0,0,0,0
13048,Yi-Fan Xu,0,1,6,14748.0,0,0,0,0,0,0,0,0,0,0,0,0,0,0,0,0,0,0,0,0,0
13069,Marina Melnikova,0,1,3,8992.0,0,0,0,0,0,0,0,0,0,0,0,0,1,0,0,0,0,0,0,0,1
13110,Shuko Aoyama,0,0,0,18028.0,0,0,0,0,0,0,0,0,0,0,0,0,0,0,0,0,0,0,0,0,0
13151,Anastasia Rodionova,0,1,14,18347.0,0,1,0,0,0,0,0,0,0,0,0,0,0,0,0,0,0,0,0,0,0
13192,Maria Kirilenko,0,1,11,8746.0,0,0,0,0,0,0,0,0,0,0,0,0,1,0,0,0,0,0,0,0,0
13233,Nadiya Kichenok,0,1,14,15363.0,0,0,0,0,0,0,0,0,0,0,0,0,0,0,0,0,0,0,0,0,0
13270,Alberta Brianti,0,1,7,12324.0,0,0,0,0,0,0,0,0,0,0,0,0,0,0,0,0,0,0,0,0,0
13311,Lyudmyla Kichenok,0,1,17,14175.0,0,0,0,0,0,0,0,0,0,0,0,0,0,0,0,0,0,0,0,0,0
13344,Stephanie Foretz Gacon,0,1,5,12370.0,0,0,0,0,0,0,0,0,0,0,0,0,0,0,0,0,0,0,0,0,1
13381,Maria Irigoyen,0,1,4,15961.0,1,0,0,0,0,0,0,0,0,0,0,0,0,0,0,0,0,0,0,0,0
13422,Junri Namigata,0,1,9,17354.0,0,0,0,0,0,0,0,0,0,0,0,0,0,0,0,0,0,0,0,0,0
13443,Na Li,0,1,3,5761.0,0,0,0,0,0,0,0,0,0,0,0,0,0,0,0,0,0,0,0,0,0
13460,Marion Bartoli,0,1,10,5109.0,0,0,0,0,0,0,0,0,0,0,0,0,0,0,0,0,0,0,0,0,0
13481,Jamie Hampton,0,1,4,5335.0,0,0,0,0,0,0,0,0,0,0,0,0,0,0,0,0,0,0,0,0,0
13522,Laura Robson,0,1,12,9913.0,0,0,0,0,0,0,0,0,0,0,0,0,0,0,0,0,0,0,0,0,0
13563,Ayumi Morita,0,1,23,6388.0,0,0,0,0,0,0,0,0,0,0,0,0,0,0,0,0,0,0,0,0,0
13604,Galina Voskoboeva,0,1,2,11232.0,0,0,0,0,0,0,0,0,0,1,0,0,0,0,0,0,0,0,0,0,0
13641,Anabel Medina Garrigues,0,1,4,13065.0,0,0,0,0,0,0,0,0,0,0,0,0,0,0,0,0,0,0,0,0,1
13658,Nadia Petrova,0,1,7,8636.0,0,0,0,0,0,0,0,0,0,0,0,0,1,0,0,0,0,0,0,0,0
13687,Vesna Dolonc,0,1,10,8332.0,0,0,0,0,0,0,0,0,0,0,0,0,0,1,0,0,0,0,0,0,0
13720,Tadeja Majeric,0,1,7,11038.0,0,0,0,0,0,0,0,0,0,0,0,0,0,0,0,0,0,0,0,0,0
13761,Estrella Cabeza-Candela,0,1,12,12347.0,0,0,0,0,0,0,0,0,0,0,0,0,0,0,0,0,0,0,0,0,1
13786,Sofia Arvidsson,0,1,2,8143.0,0,0,0,0,0,0,0,0,0,0,0,0,0,0,0,1,0,0,0,0,0
13811,Vera Dushevina,0,1,2,9146.0,0,0,0,0,0,0,0,0,0,0,0,0,1,0,0,0,0,0,0,0,0
13848,Olga Poutchkova,0,1,6,9417.0,0,0,0,0,0,0,0,0,0,0,0,0,1,0,0,0,0,0,0,0,1
13869,Marta Sirotkina,0,0,0,6733.0,0,0,0,0,0,0,0,0,0,0,0,0,1,0,0,0,0,0,0,0,0
13906,Maria Joao Koehler,0,1,1,9102.0,0,0,0,0,0,0,0,0,0,0,0,0,0,0,0,0,0,0,0,0,1
13918,Mallory Burdette,0,0,0,1963.0,0,0,0,0,0,0,0,0,0,0,0,0,0,0,0,0,0,0,0,0,0
13935,Nina Bratchikova,0,1,5,7470.0,0,0,0,0,0,0,0,0,0,0,0,0,1,0,0,0,0,0,0,0,0
13972,Victoria Kan,0,1,10,10445.0,0,0,0,0,0,0,0,0,0,0,0,0,1,0,0,0,0,0,0,0,1
14001,Julie Coin,0,1,6,10348.0,0,0,0,0,0,0,0,0,0,0,0,0,0,0,0,0,0,0,0,0,0
14026,Eva Birnerova,0,1,8,8568.0,0,0,0,0,0,0,0,0,0,0,0,0,0,0,0,0,0,0,0,0,0
14067,Nastassya Burnett,0,1,6,9503.0,0,0,0,0,0,0,0,0,0,0,0,0,0,0,0,0,0,0,0,0,0
14108,Tereza Mrdeza,0,1,5,14356.0,0,0,0,0,0,0,0,0,0,0,0,0,0,0,0,0,0,0,0,0,0
14149,Erika Sema,0,1,1,18802.0,0,0,0,0,0,0,0,0,0,0,0,0,0,0,0,0,0,0,0,0,1
14190,Melanie Klaffner,0,1,14,14116.0,0,0,1,0,0,0,0,0,0,0,0,0,0,0,0,0,0,0,0,0,1
14207,Yi-Miao Zhou,0,1,4,3568.0,0,0,0,0,0,0,0,0,0,0,0,0,0,0,0,0,0,0,0,0,0
14248,Eleni Daniilidou,0,1,16,11435.0,0,0,0,0,0,0,0,0,0,0,0,0,0,0,0,0,0,0,0,0,0
14273,Julia Cohen,0,1,3,8765.0,0,0,0,0,0,0,0,0,0,0,0,0,0,0,0,0,0,0,0,0,1
14310,Maria-Elena Camerin,0,0,0,8888.0,0,0,0,0,0,0,0,0,0,0,0,0,0,0,0,0,0,0,0,0,0
14351,Adriana Perez,0,0,0,6043.0,0,0,0,0,0,0,0,0,0,0,0,0,0,0,0,0,0,0,1,0,0
14380,Florencia Molinero,0,1,4,11263.0,1,0,0,0,0,0,0,0,0,0,0,0,0,0,0,0,0,0,0,0,0
14397,Iveta Melzer,0,1,2,6352.0,0,0,0,0,0,0,0,0,0,0,0,0,0,0,0,0,0,0,0,0,0
14418,Melinda Czink,0,1,7,5251.0,0,0,0,0,0,0,0,0,0,0,0,0,0,0,0,0,0,0,0,0,1
14443,Edina Gallovits,0,1,5,5661.0,0,0,0,0,0,0,0,0,0,0,0,0,0,0,0,0,0,0,0,0,1
14460,Greta Arn,0,1,5,4140.0,0,0,0,0,0,0,0,0,0,0,0,0,0,0,0,0,0,0,0,0,1
14481,Stephanie Dubois,0,1,3,5618.0,0,0,0,0,0,0,0,0,0,0,0,0,0,0,0,0,0,0,0,0,1
14498,Anne Keothavong,0,1,6,5850.0,0,0,0,0,0,0,0,0,0,0,0,0,0,0,0,0,0,0,0,0,0
14519,Tamarine Tanasugarn,0,1,3,6047.0,0,0,0,0,0,0,0,0,0,0,0,0,0,0,0,0,0,1,0,0,1
14544,Heidi El Tabakh,0,1,9,7003.0,0,0,0,0,0,0,0,0,0,0,0,0,0,0,0,0,0,0,0,0,0
14573,Sandra Zaniewska,0,1,16,8471.0,0,0,0,0,0,0,0,0,0,0,0,0,0,0,0,0,0,0,0,0,0
14614,Valeria Savinykh,0,1,3,15922.0,0,0,0,0,0,0,0,0,0,0,0,0,1,0,0,0,0,0,0,0,0
14655,Maria Jose Martinez Sanchez,0,1,2,11493.0,0,0,0,0,0,0,0,0,0,0,0,0,0,0,0,0,0,0,0,0,1
14676,Irena Pavlovic,0,1,14,6824.0,0,0,0,0,0,0,0,0,0,0,0,0,0,0,0,0,0,0,0,0,1
14717,Chi Chi Scholl,0,1,4,18304.0,0,0,0,0,0,0,0,0,0,0,0,0,0,0,0,0,0,0,0,0,0
14758,Aravane Rezai,0,1,4,4855.0,0,0,0,0,0,0,0,0,0,0,0,0,0,0,0,0,0,0,0,0,0
14783,Sacha Jones,0,0,0,4380.0,0,1,0,0,0,0,0,0,0,0,0,0,0,0,0,0,0,0,0,0,0
14800,Elena Baltacha,0,1,6,3894.0,0,0,0,0,0,0,0,0,0,0,0,0,0,0,0,0,0,0,0,0,1
14837,Valeria Solovieva,0,1,12,11917.0,0,0,0,0,0,0,0,0,0,0,0,0,1,0,0,0,0,0,0,0,0
14878,Chanel Simmonds,0,1,6,18362.0,0,0,0,0,0,0,0,0,0,0,0,0,0,0,0,0,0,0,0,0,0
14895,Jill Craybas,0,1,1,6528.0,0,0,0,0,0,0,0,0,0,0,0,0,0,0,0,0,0,0,0,0,0
14936,Monique Adamczak,0,1,15,11248.0,0,1,0,0,0,0,0,0,0,0,0,0,0,0,0,0,0,0,0,0,0
14977,Akgul Amanmuradova,0,1,13,14903.0,0,0,0,0,0,0,0,0,0,0,0,0,0,0,0,0,0,0,0,0,0
14990,Kim Clijsters,0,1,4,2276.0,0,0,0,0,0,0,0,0,0,0,0,0,0,0,0,0,0,0,0,0,0
15027,Anastasia Yakimova,0,1,4,5014.0,0,0,0,1,0,0,0,0,0,0,0,0,0,0,0,0,0,0,0,0,0
15068,Rebecca Marino,0,1,3,6215.0,0,0,0,0,0,0,0,0,0,0,0,0,0,0,0,0,0,0,0,0,0
15085,Jelena Dokic,0,1,5,2234.0,0,1,0,0,0,0,0,0,0,0,0,0,0,0,0,0,0,0,0,0,0
15098,Gisela Dulko,0,1,3,5296.0,1,0,0,0,0,0,0,0,0,0,0,0,0,0,0,0,0,0,0,0,0
15119,Kristina Barrois,0,1,1,9727.0,0,0,0,0,0,0,0,0,0,0,0,0,0,0,0,0,0,0,0,0,0
15136,Iryna Bremond,0,0,0,4537.0,0,0,0,0,0,0,0,0,0,0,0,0,0,0,0,0,0,0,0,0,0
15169,Sania Mirza,0,1,1,13844.0,0,0,0,0,0,0,0,0,0,0,0,0,0,0,0,0,0,0,0,0,0
15210,Arantxa Parra-Santonja,0,1,2,12968.0,0,0,0,0,0,0,0,0,0,0,0,0,0,0,0,0,0,0,0,0,1
15223,Regina Kulikova,0,1,6,1806.0,0,0,0,0,0,0,0,0,0,0,0,0,1,0,0,0,0,0,0,0,0
15240,Nuria Llagostera Vives,0,0,0,6005.0,0,0,0,0,0,0,0,0,0,0,0,0,0,0,0,0,0,0,0,0,0
15245,Dinara Safina,0,1,1,820.0,0,0,0,0,0,0,0,0,0,0,0,0,1,0,0,0,0,0,0,0,0
15258,Tetiana Luzhanska,0,1,2,3336.0,0,0,0,0,0,0,0,0,0,0,0,0,0,0,0,0,0,0,0,0,0
15283,Kathrin Woerle,0,1,3,5510.0,0,0,0,0,0,0,0,0,0,0,0,0,0,0,0,0,0,0,0,0,0
15324,Dia Evtimova,0,1,21,19688.0,0,0,0,0,0,0,0,0,0,0,0,0,0,0,0,0,0,0,0,0,0
15345,Ekaterina Ivanova,0,1,9,3832.0,0,0,0,0,0,0,0,0,0,0,0,0,1,0,0,0,0,0,0,0,0
15378,Noppawan Lertcheewakarn,0,1,8,10851.0,0,0,0,0,0,0,0,0,0,0,0,0,0,0,0,0,0,1,0,0,1
15399,Marta Domachowska,0,0,0,5073.0,0,0,0,0,0,0,0,0,0,0,0,0,0,0,0,0,0,0,0,0,0
15424,Yurika Sema,0,1,5,8654.0,0,0,0,0,0,0,0,0,0,0,0,0,0,0,0,0,0,0,0,0,0
15465,Anna Floris,0,1,4,7145.0,0,0,0,0,0,0,0,0,0,0,0,0,0,0,0,0,0,0,0,0,0
15474,Mariya Koryttseva,0,1,1,2656.0,0,0,0,0,0,0,0,0,0,0,0,0,0,0,0,0,0,0,0,0,0
15491,Sandra Zahlavova,0,1,1,5395.0,0,0,0,0,0,0,0,0,0,0,0,0,0,0,0,0,0,0,0,0,0
15516,Petra Rampre,0,0,0,6517.0,0,0,0,0,0,0,0,0,0,0,0,0,0,0,0,0,0,0,0,0,0
15545,Margalita Chakhnashvili,0,1,8,6052.0,0,0,0,0,0,0,0,0,0,0,0,0,0,0,0,0,0,0,0,0,1
15566,Isabella Holland,0,1,1,5082.0,0,1,0,0,0,0,0,0,0,0,0,0,0,0,0,0,0,0,0,0,1
15591,Madalina-Victorita Gojnea,0,1,3,4330.0,0,0,0,0,0,0,0,0,0,0,0,1,0,0,0,0,0,0,0,0,0
15632,Rika Fujiwara,0,1,10,11924.0,0,0,0,0,0,0,0,0,0,0,0,0,0,0,0,0,0,0,0,0,1
15657,Zuzana Kucova,0,1,4,2734.0,0,0,0,0,0,0,0,0,0,0,0,0,0,0,0,0,0,0,0,0,0
15698,Corinna Dentoni,0,1,3,12330.0,0,0,0,0,0,0,0,0,0,0,0,0,0,0,0,0,0,0,0,0,1
15739,Elena Bogdan,0,1,2,14389.0,0,0,0,0,0,0,0,0,0,0,0,1,0,0,0,0,0,0,0,0,1
15768,Victoria Larriere,0,1,7,5690.0,0,0,0,0,0,0,0,0,0,0,0,0,0,0,0,0,0,0,0,0,0
15789,Ani Mijacika,0,1,4,3016.0,0,0,0,0,0,0,0,0,0,0,0,0,0,0,0,0,0,0,0,0,0
15794,Elena Dementieva,0,1,3,1411.0,0,0,0,0,0,0,0,0,0,0,0,0,1,0,0,0,0,0,0,0,0
15799,Justine Henin,0,0,0,900.0,0,0,0,0,0,0,0,0,0,0,0,0,0,0,0,0,0,0,0,0,0
15808,Alona Bondarenko,0,0,0,2151.0,0,0,0,0,0,0,0,0,0,0,0,0,0,0,0,0,0,0,0,0,0
15821,Agnes Szavay,0,1,6,2117.0,0,0,0,0,0,0,0,0,0,0,0,0,0,0,0,0,0,0,0,0,0
15834,Anna Chakvetadze,0,1,6,2475.0,0,0,0,0,0,0,0,0,0,0,0,0,1,0,0,0,0,0,0,0,0
15863,Sybille Bammer,0,0,0,2208.0,0,0,1,0,0,0,0,0,0,0,0,0,0,0,0,0,0,0,0,0,0
15876,Zuzana Ondraskova,0,1,2,1835.0,0,0,0,0,0,0,0,0,0,0,0,0,0,0,0,0,0,0,0,0,1
15881,Tathiana Garbin,0,0,0,2160.0,0,0,0,0,0,0,0,0,0,0,0,0,0,0,0,0,0,0,0,0,0
15898,Karolina Sprem,0,1,2,1322.0,0,0,0,0,0,0,0,0,0,0,0,0,0,0,0,0,0,0,0,0,0
15903,Sophie Ferguson,0,1,1,1536.0,0,1,0,0,0,0,0,0,0,0,0,0,0,0,0,0,0,0,0,0,0
15908,Olivia Sanchez,0,1,2,1504.0,0,0,0,0,0,0,0,0,0,0,0,0,0,0,0,0,0,0,0,0,0
15913,Anna Lapushchenkova,0,0,0,821.0,0,0,0,0,0,0,0,0,0,0,0,0,1,0,0,0,0,0,0,0,0
15918,Alicia Molik,0,0,0,1179.0,0,1,0,0,0,0,0,0,0,0,0,0,0,0,0,0,0,0,0,0,0
15939,Masa Zec-Peskiric,0,1,1,7372.0,0,0,0,0,0,0,0,0,0,0,0,0,0,0,0,0,0,0,0,0,0
15968,Sally Peers,0,1,4,10708.0,0,1,0,0,0,0,0,0,0,0,0,0,0,0,0,0,0,0,0,0,0
15989,Liana-Gabriela Ungur,0,1,5,2943.0,0,0,0,0,0,0,0,0,0,0,0,1,0,0,0,0,0,0,0,0,0
16010,Jin-A Lee,0,1,2,2968.0,0,0,0,0,0,0,0,0,0,0,0,0,0,0,1,0,0,0,0,0,0
16023,Daria Kustova,0,1,6,2832.0,0,0,0,1,0,0,0,0,0,0,0,0,0,0,0,0,0,0,0,0,0
16044,Elena Bovina,0,0,0,4627.0,0,0,0,0,0,0,0,0,0,0,0,0,1,0,0,0,0,0,0,0,0
16085,Anna-Lena Groenefeld,0,0,0,14108.0,0,0,0,0,0,0,0,0,0,0,0,0,0,0,0,0,0,0,0,0,0
16090,Stephanie Cohen-Aloro,0,1,1,1105.0,0,0,0,0,0,0,0,0,0,0,0,0,0,0,0,0,0,0,0,0,1
16103,Julia Schruff,0,1,5,1546.0,0,0,0,0,0,0,0,0,0,0,0,0,0,0,0,0,0,0,0,0,0
16128,Beatriz Garcia-Vidagany,0,1,10,6350.0,0,0,0,0,0,0,0,0,0,0,0,0,0,0,0,0,0,0,0,0,0
16129,Rosana De Los Rios,0,0,0,0.0,0,0,0,0,0,0,0,0,0,0,0,0,0,0,0,0,0,0,0,0,0
16170,Katie O’Brien,0,0,0,1739.0,0,0,0,0,0,0,0,0,0,0,0,0,0,0,0,0,0,0,0,0,0
16195,Laura Thorpe,0,1,3,8331.0,0,0,0,0,0,0,0,0,0,0,0,0,0,0,0,0,0,0,0,0,0
16236,Raluca-Ioana Olaru,0,0,0,12947.0,0,0,0,0,0,0,0,0,0,0,0,1,0,0,0,0,0,0,0,0,0
16249,Anais Laurendon,0,1,7,3651.0,0,0,0,0,0,0,0,0,0,0,0,0,0,0,0,0,0,0,0,0,1
16266,Catalina Castano,0,0,0,5656.0,0,0,0,0,0,1,0,0,0,0,0,0,0,0,0,0,0,0,0,0,0
16299,Lindsay Lee-Waters,0,1,5,4552.0,0,0,0,0,0,0,0,0,0,0,0,0,0,0,0,0,0,0,0,0,0
16308,Oksana Kalashnikova,0,0,0,1682.0,0,0,0,0,0,0,0,0,0,0,0,0,0,0,0,0,0,0,0,0,0
16349,Irini Georgatou,0,1,1,2271.0,0,0,0,0,0,0,0,0,0,0,0,0,0,0,0,0,0,0,0,0,0
16354,Shenay Perry,0,0,0,792.0,0,0,0,0,0,0,0,0,0,0,0,0,0,0,0,0,0,0,0,0,0
16359,Naomi Cavaday,0,1,1,1201.0,0,0,0,0,0,0,0,0,0,0,0,0,0,0,0,0,0,0,0,0,0
16384,Anne Kremer,0,1,2,4346.0,0,0,0,0,0,0,0,0,0,0,0,0,0,0,0,0,0,0,0,0,0
